Owner,Country,Visitors,New visitors,Pageviews,Events,Sessions
Amazon Office,USA,79,68,124,0,114
Athenahealth,USA,45,23,313,0,119
Capita Business Services Ltd,UK,23,6,245,0,179
Administracion Nacional de Telecomunicaciones,Uruguay,20,18,29,0,27
Citigroup,USA,19,19,19,0,19
Anthem Blue Cross Blue Shield,USA,17,16,19,0,18
BFS-49,USA,16,14,45,0,36
Apple,USA,15,13,16,0,16
Capital One Financial Corporation,USA,13,13,13,0,13
Barclays Capital,UK,12,11,16,0,16
CIGNA,USA,11,9,61,0,59
American Express Company,USA,11,11,12,0,12
2M-IT Oy,Finland,10,4,45,0,36
#15E2,USA,10,10,12,0,12
Amdocs Development Centre India Llp,India,10,10,10,0,10
Atos Infogerance SAS,France,9,8,12,0,11